{
  "utils/locate-reuse-libs-dbg.js": 1728369775532,
  "controller/processtaskui.controller.js": 1728369775532,
  "model/models.js": 1728369775532,
  "utils/locate-reuse-libs.js": 1728369775532,
  "controller/App.controller.js": 1728982567269,
  "manifest.json": 1728998614095,
  "Component.js": 1728369775532,
  "i18n/i18n.properties": 1728369775532,
  "utils/locate-reuse-libs.js.map": 1728998614470,
  "model/models-dbg.js": 1728369775532,
  "model/models.js.map": 1728998614455,
  "controller/processtaskui-dbg.controller.js": 1728369775532,
  "controller/processtaskui.controller.js.map": 1728998614454,
  "controller/App-dbg.controller.js": 1728982567269,
  "controller/App.controller.js.map": 1728998614475,
  "Component-dbg.js": 1728369775532,
  "Component.js.map": 1728998614465,
  "Component-preload.js": 1728998615092,
  "Component-preload.js.map": 1728998615092,
  "view/fragment/uploadfile.fragment.xml": 1728982567269,
  "view/processtaskui.view.xml": 1728981836285,
  "view/App.view.xml": 1728982567269,
  "css/style.css": 1728369775532,
  "index.html": 1728369775532
}