{
  "view/App.view.xml": 1727936357538,
  "controller/processtaskui.controller.js": 1727936357534,
  "model/models.js": 1727936357534,
  "utils/locate-reuse-libs.js": 1727936357538,
  "controller/App.controller.js": 1727936357534,
  "manifest.json": 1727948466279,
  "Component.js": 1727936357534,
  "model/models-dbg.js": 1727936357534,
  "model/models.js.map": 1727948466388,
  "controller/processtaskui-dbg.controller.js": 1727936357534,
  "controller/processtaskui.controller.js.map": 1727948466388,
  "utils/locate-reuse-libs-dbg.js": 1727936357538,
  "utils/locate-reuse-libs.js.map": 1727948466402,
  "controller/App-dbg.controller.js": 1727936357534,
  "controller/App.controller.js.map": 1727948466388,
  "Component-dbg.js": 1727936357534,
  "Component.js.map": 1727948466398,
  "Component-preload.js": 1727948466469,
  "Component-preload.js.map": 1727948466469,
  "view/processtaskui.view.xml": 1727936357538,
  "i18n/i18n.properties": 1727936357534,
  "css/style.css": 1727936357534,
  "index.html": 1727936357534
}