{
  "i18n/i18n.properties": 1728369775532,
  "utils/locate-reuse-libs.js": 1728369775532,
  "model/models.js": 1728369775532,
  "controller/processtaskui.controller.js": 1728369775532,
  "controller/App.controller.js": 1728475617942,
  "manifest.json": 1728475740279,
  "Component.js": 1728369775532,
  "utils/locate-reuse-libs-dbg.js": 1728369775532,
  "utils/locate-reuse-libs.js.map": 1728475740423,
  "model/models-dbg.js": 1728369775532,
  "model/models.js.map": 1728475740410,
  "controller/processtaskui-dbg.controller.js": 1728369775532,
  "controller/processtaskui.controller.js.map": 1728475740407,
  "controller/App-dbg.controller.js": 1728475617942,
  "controller/App.controller.js.map": 1728475740437,
  "Component-dbg.js": 1728369775532,
  "Component.js.map": 1728475740417,
  "Component-preload.js": 1728475740528,
  "Component-preload.js.map": 1728475740528,
  "view/processtaskui.view.xml": 1728472965159,
  "view/App.view.xml": 1728475724183,
  "css/style.css": 1728369775532,
  "index.html": 1728369775532
}