{
  "controller/processtaskui.controller.js.map": 1728039492556,
  "Component.js": 1727806414356,
  "model/models.js": 1727806391008,
  "controller/processtaskui.controller.js": 1727806391016,
  "controller/App.controller.js": 1727806391012,
  "manifest.json": 1728039492382,
  "utils/locate-reuse-libs.js": 1727806391008,
  "Component-dbg.js": 1727806414356,
  "Component.js.map": 1728039492574,
  "model/models-dbg.js": 1727806391008,
  "model/models.js.map": 1728039492554,
  "controller/processtaskui-dbg.controller.js": 1727806391016,
  "i18n/i18n.properties": 1727806391008,
  "controller/App-dbg.controller.js": 1727806391012,
  "controller/App.controller.js.map": 1728039492554,
  "utils/locate-reuse-libs-dbg.js": 1727806391008,
  "utils/locate-reuse-libs.js.map": 1728039492576,
  "Component-preload.js": 1728039492657,
  "Component-preload.js.map": 1728039492657,
  "view/processtaskui.view.xml": 1727806927158,
  "view/App.view.xml": 1728023171144,
  "css/style.css": 1727806391012,
  "index.html": 1727806391004
}