{
  "Component.js": 1729160711974,
  "manifest.json": 1729235613903,
  "model/models.js": 1728369775532,
  "controller/processtaskui.controller.js": 1728369775532,
  "controller/App.controller.js": 1728982567269,
  "utils/locate-reuse-libs.js": 1728369775532,
  "i18n/i18n.properties": 1728369775532,
  "controller/processtaskui-dbg.controller.js": 1728369775532,
  "controller/processtaskui.controller.js.map": 1729235614023,
  "model/models-dbg.js": 1728369775532,
  "model/models.js.map": 1729235614024,
  "controller/App-dbg.controller.js": 1728982567269,
  "controller/App.controller.js.map": 1729235614085,
  "utils/locate-reuse-libs-dbg.js": 1728369775532,
  "utils/locate-reuse-libs.js.map": 1729235614082,
  "Component-dbg.js": 1729160711974,
  "Component.js.map": 1729235614045,
  "Component-preload.js": 1729235614162,
  "Component-preload.js.map": 1729235614162,
  "view/fragment/uploadfile.fragment.xml": 1728982567269,
  "view/processtaskui.view.xml": 1728981836285,
  "view/App.view.xml": 1728982567269,
  "css/style.css": 1728369775532,
  "index.html": 1728369775532
}