{
  "index.html": 1728369775532,
  "utils/locate-reuse-libs.js": 1728369775532,
  "model/models.js": 1728369775532,
  "controller/processtaskui.controller.js": 1728369775532,
  "controller/App.controller.js": 1728982567269,
  "manifest.json": 1729244692016,
  "Component.js": 1729244670458,
  "controller/App-dbg.controller.js": 1728982567269,
  "controller/App.controller.js.map": 1729244692126,
  "model/models-dbg.js": 1728369775532,
  "model/models.js.map": 1729244692107,
  "controller/processtaskui-dbg.controller.js": 1728369775532,
  "controller/processtaskui.controller.js.map": 1729244692107,
  "utils/locate-reuse-libs-dbg.js": 1728369775532,
  "utils/locate-reuse-libs.js.map": 1729244692124,
  "Component-dbg.js": 1729244670458,
  "Component.js.map": 1729244692119,
  "Component-preload.js": 1729244692201,
  "Component-preload.js.map": 1729244692201,
  "view/fragment/uploadfile.fragment.xml": 1728982567269,
  "view/processtaskui.view.xml": 1728981836285,
  "view/App.view.xml": 1728982567269,
  "css/style.css": 1728369775532,
  "i18n/i18n.properties": 1728369775532
}