{
  "i18n/i18n.properties": 1728643152873,
  "Component.js": 1728643152873,
  "model/models.js": 1728643152873,
  "controller/processtaskui.controller.js": 1728643152873,
  "controller/App.controller.js": 1728643152873,
  "manifest.json": 1729513546795,
  "utils/locate-reuse-libs.js": 1728643152877,
  "controller/App-dbg.controller.js": 1728643152873,
  "controller/App.controller.js.map": 1729513546932,
  "model/models-dbg.js": 1728643152873,
  "model/models.js.map": 1729513546911,
  "controller/processtaskui-dbg.controller.js": 1728643152873,
  "controller/processtaskui.controller.js.map": 1729513546911,
  "Component-dbg.js": 1728643152873,
  "Component.js.map": 1729513546920,
  "utils/locate-reuse-libs-dbg.js": 1728643152877,
  "utils/locate-reuse-libs.js.map": 1729513546927,
  "Component-preload.js": 1729513547289,
  "Component-preload.js.map": 1729513547289,
  "view/fragment/uploadfile.fragment.xml": 1728643152877,
  "view/processtaskui.view.xml": 1728643152877,
  "view/App.view.xml": 1728643152877,
  "css/style.css": 1728643152873,
  "index.html": 1728643152873
}