{
  "controller/processtaskui-dbg.controller.js": 1728369775532,
  "controller/App.controller.js": 1728560859950,
  "model/models.js": 1728369775532,
  "controller/processtaskui.controller.js": 1728369775532,
  "utils/locate-reuse-libs.js": 1728369775532,
  "manifest.json": 1728637817402,
  "Component.js": 1728369775532,
  "utils/locate-reuse-libs-dbg.js": 1728369775532,
  "utils/locate-reuse-libs.js.map": 1728637817559,
  "model/models-dbg.js": 1728369775532,
  "model/models.js.map": 1728637817544,
  "i18n/i18n.properties": 1728369775532,
  "controller/processtaskui.controller.js.map": 1728637817529,
  "controller/App-dbg.controller.js": 1728560859950,
  "controller/App.controller.js.map": 1728637817562,
  "Component-dbg.js": 1728369775532,
  "Component.js.map": 1728637817556,
  "Component-preload.js": 1728637817788,
  "Component-preload.js.map": 1728637817788,
  "view/fragment/uploadfile.fragment.xml": 1728560816034,
  "view/processtaskui.view.xml": 1728472965159,
  "view/App.view.xml": 1728560162576,
  "css/style.css": 1728369775532,
  "index.html": 1728369775532
}