{
  "model/models.js": 1728369775532,
  "Component.js": 1728369775532,
  "i18n/i18n.properties": 1728369775532,
  "controller/processtaskui.controller.js": 1728369775532,
  "controller/App.controller.js": 1728369775532,
  "manifest.json": 1728455735406,
  "utils/locate-reuse-libs.js": 1728369775532,
  "utils/locate-reuse-libs-dbg.js": 1728369775532,
  "utils/locate-reuse-libs.js.map": 1728455735609,
  "model/models-dbg.js": 1728369775532,
  "model/models.js.map": 1728455735591,
  "controller/processtaskui-dbg.controller.js": 1728369775532,
  "controller/processtaskui.controller.js.map": 1728455735591,
  "controller/App-dbg.controller.js": 1728369775532,
  "controller/App.controller.js.map": 1728455735591,
  "Component-dbg.js": 1728369775532,
  "Component.js.map": 1728455735601,
  "Component-preload.js": 1728455735802,
  "Component-preload.js.map": 1728455735802,
  "view/processtaskui.view.xml": 1728369775532,
  "view/App.view.xml": 1728373442217,
  "css/style.css": 1728369775532,
  "index.html": 1728369775532
}