{
  "view/App.view.xml": 1727809030967,
  "utils/locate-reuse-libs.js": 1727806391008,
  "model/models.js": 1727806391008,
  "controller/processtaskui.controller.js": 1727806391016,
  "controller/App.controller.js": 1727806391012,
  "manifest.json": 1727809059954,
  "Component.js": 1727806414356,
  "controller/App-dbg.controller.js": 1727806391012,
  "controller/App.controller.js.map": 1727809060063,
  "model/models-dbg.js": 1727806391008,
  "model/models.js.map": 1727809060062,
  "controller/processtaskui-dbg.controller.js": 1727806391016,
  "controller/processtaskui.controller.js.map": 1727809060062,
  "utils/locate-reuse-libs-dbg.js": 1727806391008,
  "utils/locate-reuse-libs.js.map": 1727809060075,
  "Component-dbg.js": 1727806414356,
  "Component.js.map": 1727809060071,
  "Component-preload.js": 1727809060142,
  "Component-preload.js.map": 1727809060142,
  "view/processtaskui.view.xml": 1727806927158,
  "i18n/i18n.properties": 1727806391008,
  "css/style.css": 1727806391012,
  "index.html": 1727806391004
}