{
  "css/style.css": 1728369775532,
  "controller/processtaskui.controller.js": 1728369775532,
  "model/models.js": 1728369775532,
  "utils/locate-reuse-libs.js": 1728369775532,
  "controller/App.controller.js": 1728478997184,
  "manifest.json": 1728492684480,
  "Component.js": 1728369775532,
  "controller/processtaskui-dbg.controller.js": 1728369775532,
  "controller/processtaskui.controller.js.map": 1728492684578,
  "model/models-dbg.js": 1728369775532,
  "model/models.js.map": 1728492684579,
  "utils/locate-reuse-libs-dbg.js": 1728369775532,
  "utils/locate-reuse-libs.js.map": 1728492684593,
  "controller/App-dbg.controller.js": 1728478997184,
  "controller/App.controller.js.map": 1728492684597,
  "Component-dbg.js": 1728369775532,
  "Component.js.map": 1728492684587,
  "Component-preload.js": 1728492684670,
  "Component-preload.js.map": 1728492684670,
  "view/processtaskui.view.xml": 1728472965159,
  "view/App.view.xml": 1728475724183,
  "i18n/i18n.properties": 1728369775532,
  "index.html": 1728369775532
}