{
  "view/fragment/uploadfile.fragment.xml": 1728982567269,
  "utils/locate-reuse-libs.js": 1728369775532,
  "model/models.js": 1728369775532,
  "controller/processtaskui.controller.js": 1728369775532,
  "controller/App.controller.js": 1728982567269,
  "manifest.json": 1729164221155,
  "Component.js": 1729160711974,
  "Component-dbg.js": 1729160711974,
  "Component.js.map": 1729164221329,
  "model/models-dbg.js": 1728369775532,
  "model/models.js.map": 1729164221313,
  "controller/processtaskui-dbg.controller.js": 1728369775532,
  "controller/processtaskui.controller.js.map": 1729164221307,
  "controller/App-dbg.controller.js": 1728982567269,
  "controller/App.controller.js.map": 1729164221336,
  "utils/locate-reuse-libs-dbg.js": 1728369775532,
  "utils/locate-reuse-libs.js.map": 1729164221325,
  "Component-preload.js": 1729164221550,
  "Component-preload.js.map": 1729164221550,
  "i18n/i18n.properties": 1728369775532,
  "view/processtaskui.view.xml": 1728981836285,
  "view/App.view.xml": 1728982567269,
  "css/style.css": 1728369775532,
  "index.html": 1728369775532
}