{
  "model/models.js.map": 1728386257346,
  "controller/processtaskui.controller.js": 1727936357534,
  "model/models.js": 1727936357534,
  "utils/locate-reuse-libs.js": 1727936357538,
  "controller/App.controller.js": 1727936357534,
  "manifest.json": 1728386257193,
  "Component.js": 1727936357534,
  "utils/locate-reuse-libs-dbg.js": 1727936357538,
  "utils/locate-reuse-libs.js.map": 1728386257360,
  "model/models-dbg.js": 1727936357534,
  "i18n/i18n.properties": 1727936357534,
  "controller/processtaskui-dbg.controller.js": 1727936357534,
  "controller/processtaskui.controller.js.map": 1728386257345,
  "controller/App-dbg.controller.js": 1727936357534,
  "controller/App.controller.js.map": 1728386257345,
  "Component-dbg.js": 1727936357534,
  "Component.js.map": 1728386257356,
  "Component-preload.js": 1728386257566,
  "Component-preload.js.map": 1728386257566,
  "view/processtaskui.view.xml": 1727936357538,
  "view/App.view.xml": 1727936357538,
  "css/style.css": 1727936357534,
  "index.html": 1727936357534
}