{
  "welcomeFile": "/index.html",
  "authenticationMethod": "route",
  "routes": [
    {
      "source": "^/api/(.*)$",
      "target": "$1",
      "service": "com.sap.spa.processautomation",
      "endpoint": "api",
      "csrfProtection": true,
      "authenticationType": "xsuaa"
     },
    {
      "source": "^/bpmworkflowruntime/(.*)$",
      "target": "/public/workflow/rest/$1",
      "service": "com.sap.spa.processautomation",
      "endpoint": "api",
      "authenticationType": "xsuaa"
    },
    {
      "source": "^/odata/(.*)$",
      "target": "/odata/$1",
      "destination": "SupplierOnboarding-srv-api",
      "authenticationType": "xsuaa",
      "csrfProtection": false
    },
    {
      "source": "^/sap/(.*)$",
      "target": "/sap/$1",
      "destination": "None",
      "authenticationType": "xsuaa",
      "csrfProtection": false
    },
    {
      "source": "^/resources/(.*)$",
      "target": "/resources/$1",
      "authenticationType": "none",
      "destination": "ui5"
    },
    {
      "source": "^/test-resources/(.*)$",
      "target": "/test-resources/$1",
      "authenticationType": "none",
      "destination": "ui5"
    },
    {
      "source": "^(.*)$",
      "target": "$1",
      "service": "html5-apps-repo-rt",
      "authenticationType": "xsuaa"
    }
  ]
}
