{
  "index.html": 1727780043653,
  "controller/blocks/CCD.js": 1727780758528,
  "controller/blocks/myBlock.js": 1727780751384,
  "controller/blocks/SRQF.js": 1727780745972,
  "controller/blocks/CIRD.js": 1727780754032,
  "controller/blocks/payment.js": 1727780748872,
  "model/models.js": 1727780043657,
  "controller/RequestForm.controller.js": 1727780190655,
  "controller/RegistrationForm.controller.js": 1727780250407,
  "controller/App.controller.js": 1727780043657,
  "manifest.json": 1727781004718,
  "Component.js": 1727780043649,
  "controller/App-dbg.controller.js": 1727780043657,
  "controller/App.controller.js.map": 1727781004846,
  "controller/blocks/myBlock-dbg.js": 1727780751384,
  "controller/blocks/myBlock.js.map": 1727781004845,
  "controller/blocks/SRQF-dbg.js": 1727780745972,
  "controller/blocks/SRQF.js.map": 1727781004847,
  "controller/blocks/CIRD-dbg.js": 1727780754032,
  "controller/blocks/CIRD.js.map": 1727781004846,
  "controller/blocks/payment-dbg.js": 1727780748872,
  "controller/blocks/payment.js.map": 1727781004847,
  "model/models-dbg.js": 1727780043657,
  "model/models.js.map": 1727781004848,
  "controller/RequestForm-dbg.controller.js": 1727780190655,
  "controller/RequestForm.controller.js.map": 1727781004924,
  "controller/RegistrationForm-dbg.controller.js": 1727780250407,
  "controller/RegistrationForm.controller.js.map": 1727781004874,
  "controller/blocks/CCD-dbg.js": 1727780758528,
  "controller/blocks/CCD.js.map": 1727781004848,
  "Component-dbg.js": 1727780043649,
  "Component.js.map": 1727781004851,
  "Component-preload.js": 1727781005032,
  "Component-preload.js.map": 1727781005032,
  "view/fragment/uploadfile.fragment.xml": 1727780326148,
  "view/blocks/payment.view.xml": 1727780665359,
  "view/blocks/myBlock.view.xml": 1727780651523,
  "view/blocks/SRQF.view.xml": 1727780703176,
  "view/blocks/CIRD.view.xml": 1727780625319,
  "view/blocks/CCD.view.xml": 1727780716284,
  "view/RequestForm.view.xml": 1727780175787,
  "view/RegistrationForm.view.xml": 1727780225763,
  "view/App.view.xml": 1727780043661,
  "css/style.css": 1727780043661,
  "i18n/i18n.properties": 1727780131658
}