{
  "controller/form3.controller.js": 1728643152869,
  "i18n/i18n.properties": 1728996740892,
  "controller/blocks/myBlock.js": 1728643152869,
  "controller/blocks/SRQF.js": 1728643152869,
  "controller/blocks/CIRD.js": 1728643152869,
  "controller/blocks/CCD.js": 1728643152869,
  "model/models.js": 1728643152873,
  "controller/blocks/payment.js": 1728643152869,
  "controller/RequestForm.controller.js": 1729511077686,
  "controller/RegistrationForm.controller.js": 1728643152869,
  "controller/PurchasingData.controller.js": 1729494768837,
  "controller/App.controller.js": 1728643152869,
  "manifest.json": 1729513530402,
  "Component.js": 1728643152869,
  "controller/form3-dbg.controller.js": 1728643152869,
  "controller/form3.controller.js.map": 1729513530545,
  "controller/blocks/myBlock-dbg.js": 1728643152869,
  "controller/blocks/myBlock.js.map": 1729513530523,
  "controller/blocks/SRQF-dbg.js": 1728643152869,
  "controller/blocks/SRQF.js.map": 1729513530521,
  "controller/blocks/CIRD-dbg.js": 1728643152869,
  "controller/blocks/CIRD.js.map": 1729513530523,
  "controller/blocks/CCD-dbg.js": 1728643152869,
  "controller/blocks/CCD.js.map": 1729513530523,
  "model/models-dbg.js": 1728643152873,
  "model/models.js.map": 1729513530526,
  "controller/blocks/payment-dbg.js": 1728643152869,
  "controller/blocks/payment.js.map": 1729513530525,
  "controller/RequestForm-dbg.controller.js": 1729511077686,
  "controller/RequestForm.controller.js.map": 1729513530625,
  "controller/RegistrationForm-dbg.controller.js": 1728643152869,
  "controller/RegistrationForm.controller.js.map": 1729513530600,
  "controller/PurchasingData-dbg.controller.js": 1729494768837,
  "controller/PurchasingData.controller.js.map": 1729513530602,
  "controller/App-dbg.controller.js": 1728643152869,
  "controller/App.controller.js.map": 1729513530549,
  "Component-dbg.js": 1728643152869,
  "Component.js.map": 1729513530592,
  "Component-preload.js": 1729513530757,
  "Component-preload.js.map": 1729513530757,
  "view/fragment/uploadfile.fragment.xml": 1728643152873,
  "view/blocks/payment.view.xml": 1728643152873,
  "view/blocks/myBlock.view.xml": 1728643152873,
  "view/blocks/SRQF.view.xml": 1728643152873,
  "view/blocks/CIRD.view.xml": 1728643152873,
  "view/blocks/CCD.view.xml": 1728643152873,
  "view/form3.view.xml": 1728643152873,
  "view/RequestForm.view.xml": 1729506211605,
  "view/RegistrationForm.view.xml": 1728643152873,
  "view/PurchasingData.view.xml": 1729493480748,
  "view/App.view.xml": 1728643152873,
  "css/style.css": 1729071505038,
  "index.html": 1729071624911
}