{
  "controller/blocks/CIRD.js": 1728369775524,
  "Component.js": 1728369775524,
  "controller/blocks/myBlock.js": 1728369775528,
  "controller/blocks/SRQF.js": 1728369775528,
  "i18n/i18n.properties": 1728369775528,
  "controller/blocks/CCD.js": 1728369775524,
  "model/models.js": 1728369775528,
  "controller/form3.controller.js": 1728495066884,
  "controller/RequestForm.controller.js": 1728559657966,
  "controller/RegistrationForm.controller.js": 1728369775524,
  "controller/App.controller.js": 1728369775524,
  "manifest.json": 1728637813495,
  "controller/blocks/payment.js": 1728369775528,
  "controller/blocks/CIRD-dbg.js": 1728369775524,
  "controller/blocks/CIRD.js.map": 1728637813647,
  "controller/blocks/myBlock-dbg.js": 1728369775528,
  "controller/blocks/myBlock.js.map": 1728637813648,
  "controller/blocks/SRQF-dbg.js": 1728369775528,
  "controller/blocks/SRQF.js.map": 1728637813648,
  "Component-dbg.js": 1728369775524,
  "Component.js.map": 1728637813650,
  "controller/blocks/CCD-dbg.js": 1728369775524,
  "controller/blocks/CCD.js.map": 1728637813649,
  "model/models-dbg.js": 1728369775528,
  "model/models.js.map": 1728637813651,
  "controller/form3-dbg.controller.js": 1728495066884,
  "controller/form3.controller.js.map": 1728637813671,
  "controller/RequestForm-dbg.controller.js": 1728559657966,
  "controller/RequestForm.controller.js.map": 1728637813710,
  "controller/RegistrationForm-dbg.controller.js": 1728369775524,
  "controller/RegistrationForm.controller.js.map": 1728637813680,
  "controller/App-dbg.controller.js": 1728369775524,
  "controller/App.controller.js.map": 1728637813659,
  "controller/blocks/payment-dbg.js": 1728369775528,
  "controller/blocks/payment.js.map": 1728637813662,
  "Component-preload.js": 1728637813966,
  "Component-preload.js.map": 1728637813966,
  "view/fragment/uploadfile.fragment.xml": 1728541013182,
  "view/blocks/payment.view.xml": 1728369775528,
  "view/blocks/myBlock.view.xml": 1728369775528,
  "view/blocks/SRQF.view.xml": 1728369775528,
  "view/blocks/CIRD.view.xml": 1728369775528,
  "view/blocks/CCD.view.xml": 1728369775528,
  "view/form3.view.xml": 1728495029211,
  "view/RequestForm.view.xml": 1728541419765,
  "view/RegistrationForm.view.xml": 1728369775528,
  "view/App.view.xml": 1728369775528,
  "css/style.css": 1728369775528,
  "index.html": 1728369775528
}