{
  "controller/blocks/CCD-dbg.js": 1728369775524,
  "controller/blocks/myBlock.js": 1728369775528,
  "controller/blocks/payment.js": 1728369775528,
  "controller/blocks/SRQF.js": 1728369775528,
  "controller/blocks/CIRD.js": 1728369775524,
  "controller/blocks/CCD.js": 1728369775524,
  "model/models.js": 1728369775528,
  "controller/RequestForm.controller.js": 1728384773533,
  "controller/RegistrationForm.controller.js": 1728369775524,
  "controller/App.controller.js": 1728369775524,
  "manifest.json": 1728386027260,
  "Component.js": 1728369775524,
  "controller/blocks/CIRD-dbg.js": 1728369775524,
  "controller/blocks/CIRD.js.map": 1728386027432,
  "controller/blocks/payment-dbg.js": 1728369775528,
  "controller/blocks/payment.js.map": 1728386027432,
  "controller/blocks/SRQF-dbg.js": 1728369775528,
  "controller/blocks/SRQF.js.map": 1728386027432,
  "controller/blocks/myBlock-dbg.js": 1728369775528,
  "controller/blocks/myBlock.js.map": 1728386027432,
  "i18n/i18n.properties": 1728369775528,
  "controller/blocks/CCD.js.map": 1728386027434,
  "model/models-dbg.js": 1728369775528,
  "model/models.js.map": 1728386027436,
  "controller/RequestForm-dbg.controller.js": 1728384773533,
  "controller/RequestForm.controller.js.map": 1728386027534,
  "controller/RegistrationForm-dbg.controller.js": 1728369775524,
  "controller/RegistrationForm.controller.js.map": 1728386027474,
  "controller/App-dbg.controller.js": 1728369775524,
  "controller/App.controller.js.map": 1728386027436,
  "Component-dbg.js": 1728369775524,
  "Component.js.map": 1728386027439,
  "Component-preload.js": 1728386027782,
  "Component-preload.js.map": 1728386027782,
  "view/fragment/uploadfile.fragment.xml": 1728369775528,
  "view/blocks/payment.view.xml": 1728369775528,
  "view/blocks/myBlock.view.xml": 1728369775528,
  "view/blocks/SRQF.view.xml": 1728369775528,
  "view/blocks/CIRD.view.xml": 1728369775528,
  "view/blocks/CCD.view.xml": 1728369775528,
  "view/RequestForm.view.xml": 1728384732761,
  "view/RegistrationForm.view.xml": 1728369775528,
  "view/App.view.xml": 1728369775528,
  "css/style.css": 1728369775528,
  "index.html": 1728369775528
}