{
  "controller/blocks/CIRD.js": 1728369775524,
  "controller/App.controller.js": 1728369775524,
  "controller/blocks/myBlock.js": 1728369775528,
  "controller/blocks/SRQF.js": 1728369775528,
  "i18n/i18n.properties": 1728984152979,
  "controller/blocks/CCD.js": 1728369775524,
  "model/models.js": 1728369775528,
  "controller/form3.controller.js": 1728987821074,
  "controller/SupplierTable.controller.js": 1729078910372,
  "controller/RequestForm.controller.js": 1729235315081,
  "controller/RegistrationForm.controller.js": 1728369775524,
  "controller/blocks/payment.js": 1728369775528,
  "manifest.json": 1729235425561,
  "Component.js": 1728369775524,
  "controller/blocks/myBlock-dbg.js": 1728369775528,
  "controller/blocks/myBlock.js.map": 1729235425688,
  "controller/App-dbg.controller.js": 1728369775524,
  "controller/App.controller.js.map": 1729235425688,
  "controller/blocks/SRQF-dbg.js": 1728369775528,
  "controller/blocks/SRQF.js.map": 1729235425688,
  "controller/blocks/CIRD-dbg.js": 1728369775524,
  "controller/blocks/CIRD.js.map": 1729235425688,
  "controller/blocks/CCD-dbg.js": 1728369775524,
  "controller/blocks/CCD.js.map": 1729235425689,
  "model/models-dbg.js": 1728369775528,
  "model/models.js.map": 1729235425690,
  "controller/form3-dbg.controller.js": 1728987821074,
  "controller/form3.controller.js.map": 1729235425712,
  "controller/SupplierTable-dbg.controller.js": 1729078910372,
  "controller/SupplierTable.controller.js.map": 1729235425691,
  "controller/RequestForm-dbg.controller.js": 1729235315081,
  "controller/RequestForm.controller.js.map": 1729235425753,
  "controller/RegistrationForm-dbg.controller.js": 1728369775524,
  "controller/RegistrationForm.controller.js.map": 1729235425719,
  "controller/blocks/payment-dbg.js": 1728369775528,
  "controller/blocks/payment.js.map": 1729235425698,
  "Component-dbg.js": 1728369775524,
  "Component.js.map": 1729235425701,
  "Component-preload.js": 1729235426030,
  "Component-preload.js.map": 1729235426031,
  "view/fragment/uploadfile.fragment.xml": 1728982567265,
  "view/fragment/timelinePopup.fragment.xml": 1728987695885,
  "view/fragment/timeline.fragment.xml": 1728983979325,
  "view/blocks/payment.view.xml": 1728369775528,
  "view/blocks/myBlock.view.xml": 1728369775528,
  "view/blocks/SRQF.view.xml": 1728369775528,
  "view/blocks/CIRD.view.xml": 1728369775528,
  "view/blocks/CCD.view.xml": 1728369775528,
  "view/form3.view.xml": 1728986348296,
  "view/SupplierTable.view.xml": 1729146735778,
  "view/RequestForm.view.xml": 1728988857037,
  "view/RegistrationForm.view.xml": 1728369775528,
  "view/App.view.xml": 1728369775528,
  "css/style.css": 1728986053742,
  "index.html": 1728369775528
}