{
  "controller/RequestForm-dbg.controller.js": 1727941016559,
  "controller/blocks/payment.js": 1727936357530,
  "controller/blocks/myBlock.js": 1727936357530,
  "controller/blocks/SRQF.js": 1727936357530,
  "controller/blocks/CIRD.js": 1727936357530,
  "controller/blocks/CCD.js": 1727936357530,
  "model/models.js": 1727936357530,
  "controller/RequestForm.controller.js": 1727941016559,
  "controller/RegistrationForm.controller.js": 1727936357530,
  "controller/App.controller.js": 1727936357530,
  "manifest.json": 1727948463935,
  "Component.js": 1727936357530,
  "model/models-dbg.js": 1727936357530,
  "model/models.js.map": 1727948464040,
  "controller/blocks/myBlock-dbg.js": 1727936357530,
  "controller/blocks/myBlock.js.map": 1727948464039,
  "controller/blocks/SRQF-dbg.js": 1727936357530,
  "controller/blocks/SRQF.js.map": 1727948464039,
  "controller/blocks/CIRD-dbg.js": 1727936357530,
  "controller/blocks/CIRD.js.map": 1727948464067,
  "controller/blocks/CCD-dbg.js": 1727936357530,
  "controller/blocks/CCD.js.map": 1727948464040,
  "controller/blocks/payment-dbg.js": 1727936357530,
  "controller/blocks/payment.js.map": 1727948464041,
  "i18n/i18n.properties": 1727936357530,
  "controller/RequestForm.controller.js.map": 1727948464093,
  "controller/RegistrationForm-dbg.controller.js": 1727936357530,
  "controller/RegistrationForm.controller.js.map": 1727948464081,
  "controller/App-dbg.controller.js": 1727936357530,
  "controller/App.controller.js.map": 1727948464043,
  "Component-dbg.js": 1727936357530,
  "Component.js.map": 1727948464046,
  "Component-preload.js": 1727948464199,
  "Component-preload.js.map": 1727948464199,
  "view/fragment/uploadfile.fragment.xml": 1727936357534,
  "view/blocks/payment.view.xml": 1727936357534,
  "view/blocks/myBlock.view.xml": 1727936357534,
  "view/blocks/SRQF.view.xml": 1727936357534,
  "view/blocks/CIRD.view.xml": 1727936357530,
  "view/blocks/CCD.view.xml": 1727936357530,
  "view/RequestForm.view.xml": 1727936357530,
  "view/RegistrationForm.view.xml": 1727936357530,
  "view/App.view.xml": 1727936357530,
  "css/style.css": 1727936357530,
  "index.html": 1727936357530
}