{
  "controller/blocks/CCD.js.map": 1729082922354,
  "controller/App.controller.js": 1727936357530,
  "controller/companyblocks/SI.js": 1729014125850,
  "controller/companyblocks/CC.js": 1729017863423,
  "controller/blocks/payment.js": 1727936357530,
  "controller/blocks/myBlock.js": 1727936357530,
  "controller/blocks/SRQF.js": 1727936357530,
  "controller/blocks/CIRD.js": 1727936357530,
  "controller/blocks/CCD.js": 1727936357530,
  "model/models.js": 1727936357530,
  "controller/form3.controller.js": 1728383842961,
  "controller/companycodedata.controller.js": 1729014192074,
  "controller/SupplierTable.controller.js": 1729078415605,
  "controller/RequestForm.controller.js": 1728372932670,
  "controller/RegistrationForm.controller.js": 1727936357530,
  "controller/companyblocks/WTI.js": 1729056104668,
  "manifest.json": 1729082922087,
  "Component.js": 1727936357530,
  "controller/blocks/payment-dbg.js": 1727936357530,
  "controller/blocks/payment.js.map": 1729082922353,
  "controller/companyblocks/SI-dbg.js": 1729014125850,
  "controller/companyblocks/SI.js.map": 1729082922353,
  "controller/companyblocks/CC-dbg.js": 1729017863423,
  "controller/companyblocks/CC.js.map": 1729082922353,
  "controller/App-dbg.controller.js": 1727936357530,
  "controller/App.controller.js.map": 1729082922353,
  "controller/blocks/myBlock-dbg.js": 1727936357530,
  "controller/blocks/myBlock.js.map": 1729082922354,
  "controller/blocks/SRQF-dbg.js": 1727936357530,
  "controller/blocks/SRQF.js.map": 1729082922354,
  "controller/blocks/CIRD-dbg.js": 1727936357530,
  "controller/blocks/CIRD.js.map": 1729082922354,
  "controller/blocks/CCD-dbg.js": 1727936357530,
  "i18n/i18n.properties": 1727936357530,
  "model/models-dbg.js": 1727936357530,
  "model/models.js.map": 1729082922357,
  "controller/form3-dbg.controller.js": 1728383842961,
  "controller/form3.controller.js.map": 1729082922375,
  "controller/companycodedata-dbg.controller.js": 1729014192074,
  "controller/companycodedata.controller.js.map": 1729082922356,
  "controller/SupplierTable-dbg.controller.js": 1729078415605,
  "controller/SupplierTable.controller.js.map": 1729082922357,
  "controller/RequestForm-dbg.controller.js": 1728372932670,
  "controller/RequestForm.controller.js.map": 1729082922399,
  "controller/RegistrationForm-dbg.controller.js": 1727936357530,
  "controller/RegistrationForm.controller.js.map": 1729082922382,
  "controller/companyblocks/WTI-dbg.js": 1729056104668,
  "controller/companyblocks/WTI.js.map": 1729082922358,
  "Component-dbg.js": 1727936357530,
  "Component.js.map": 1729082922360,
  "Component-preload.js": 1729082922787,
  "Component-preload.js.map": 1729082922788,
  "view/companyblocks/WTI.view.xml": 1729075980196,
  "view/companyblocks/SI.view.xml": 1729075317768,
  "view/companyblocks/CC.view.xml": 1729075635032,
  "view/fragment/uploadfile.fragment.xml": 1728374006721,
  "view/blocks/payment.view.xml": 1727936357534,
  "view/blocks/myBlock.view.xml": 1727936357534,
  "view/blocks/SRQF.view.xml": 1727936357534,
  "view/blocks/CIRD.view.xml": 1727936357530,
  "view/blocks/CCD.view.xml": 1727936357530,
  "view/form3.view.xml": 1728379583415,
  "view/companycodedata.view.xml": 1729071670847,
  "view/SupplierTable.view.xml": 1729080456208,
  "view/RequestForm.view.xml": 1728311504027,
  "view/RegistrationForm.view.xml": 1727936357530,
  "view/App.view.xml": 1727936357530,
  "images/bg-blue.jpg": 1728311100869,
  "css/style.css": 1729075167203,
  "index.html": 1727936357530
}