{
  "controller/App-dbg.controller.js": 1727936357530,
  "model/models.js": 1727936357530,
  "controller/blocks/myBlock.js": 1727936357530,
  "controller/blocks/SRQF.js": 1727936357530,
  "controller/blocks/CIRD.js": 1727936357530,
  "controller/blocks/CCD.js": 1727936357530,
  "controller/blocks/payment.js": 1727936357530,
  "controller/form3.controller.js": 1728383842961,
  "controller/SupplierTable.controller.js": 1728999982594,
  "controller/RequestForm.controller.js": 1728372932670,
  "controller/RegistrationForm.controller.js": 1727936357530,
  "controller/App.controller.js": 1727936357530,
  "manifest.json": 1729003214055,
  "Component.js": 1727936357530,
  "controller/blocks/CCD-dbg.js": 1727936357530,
  "controller/blocks/CCD.js.map": 1729003214170,
  "controller/blocks/myBlock-dbg.js": 1727936357530,
  "controller/blocks/myBlock.js.map": 1729003214170,
  "controller/blocks/SRQF-dbg.js": 1727936357530,
  "controller/blocks/SRQF.js.map": 1729003214169,
  "controller/blocks/CIRD-dbg.js": 1727936357530,
  "controller/blocks/CIRD.js.map": 1729003214182,
  "model/models-dbg.js": 1727936357530,
  "model/models.js.map": 1729003214172,
  "controller/blocks/payment-dbg.js": 1727936357530,
  "controller/blocks/payment.js.map": 1729003214171,
  "controller/form3-dbg.controller.js": 1728383842961,
  "controller/form3.controller.js.map": 1729003214190,
  "controller/SupplierTable-dbg.controller.js": 1728999982594,
  "controller/SupplierTable.controller.js.map": 1729003214172,
  "controller/RequestForm-dbg.controller.js": 1728372932670,
  "controller/RequestForm.controller.js.map": 1729003214250,
  "controller/RegistrationForm-dbg.controller.js": 1727936357530,
  "controller/RegistrationForm.controller.js.map": 1729003214200,
  "i18n/i18n.properties": 1727936357530,
  "controller/App.controller.js.map": 1729003214183,
  "Component-dbg.js": 1727936357530,
  "Component.js.map": 1729003214186,
  "Component-preload.js": 1729003214361,
  "Component-preload.js.map": 1729003214362,
  "view/fragment/uploadfile.fragment.xml": 1728374006721,
  "view/blocks/payment.view.xml": 1727936357534,
  "view/blocks/myBlock.view.xml": 1727936357534,
  "view/blocks/SRQF.view.xml": 1727936357534,
  "view/blocks/CIRD.view.xml": 1727936357530,
  "view/blocks/CCD.view.xml": 1727936357530,
  "view/form3.view.xml": 1728379583415,
  "view/SupplierTable.view.xml": 1729002953795,
  "view/RequestForm.view.xml": 1728311504027,
  "view/RegistrationForm.view.xml": 1727936357530,
  "view/App.view.xml": 1727936357530,
  "images/bg-blue.jpg": 1728311100869,
  "css/style.css": 1728311238517,
  "index.html": 1727936357530
}