{
  "view/RegistrationForm.view.xml": 1728369775528,
  "controller/blocks/CCD.js": 1728369775524,
  "controller/blocks/myBlock.js": 1728369775528,
  "controller/blocks/SRQF.js": 1728369775528,
  "controller/blocks/CIRD.js": 1728369775524,
  "controller/blocks/payment.js": 1728369775528,
  "model/models.js": 1728369775528,
  "controller/form3.controller.js": 1728987821074,
  "controller/RequestForm.controller.js": 1728990320149,
  "controller/RegistrationForm.controller.js": 1728369775524,
  "controller/App.controller.js": 1728369775524,
  "manifest.json": 1728998607458,
  "Component.js": 1728369775524,
  "controller/blocks/myBlock-dbg.js": 1728369775528,
  "controller/blocks/myBlock.js.map": 1728998607633,
  "controller/blocks/CCD-dbg.js": 1728369775524,
  "controller/blocks/CCD.js.map": 1728998607633,
  "controller/blocks/SRQF-dbg.js": 1728369775528,
  "controller/blocks/SRQF.js.map": 1728998607633,
  "controller/blocks/CIRD-dbg.js": 1728369775524,
  "controller/blocks/CIRD.js.map": 1728998607633,
  "controller/blocks/payment-dbg.js": 1728369775528,
  "controller/blocks/payment.js.map": 1728998607635,
  "model/models-dbg.js": 1728369775528,
  "model/models.js.map": 1728998607636,
  "controller/form3-dbg.controller.js": 1728987821074,
  "controller/form3.controller.js.map": 1728998607657,
  "controller/RequestForm-dbg.controller.js": 1728990320149,
  "controller/RequestForm.controller.js.map": 1728998607729,
  "controller/RegistrationForm-dbg.controller.js": 1728369775524,
  "controller/RegistrationForm.controller.js.map": 1728998607667,
  "controller/App-dbg.controller.js": 1728369775524,
  "controller/App.controller.js.map": 1728998607645,
  "Component-dbg.js": 1728369775524,
  "Component.js.map": 1728998607652,
  "Component-preload.js": 1728998608364,
  "Component-preload.js.map": 1728998608364,
  "view/fragment/uploadfile.fragment.xml": 1728982567265,
  "view/fragment/timelinePopup.fragment.xml": 1728987695885,
  "view/fragment/timeline.fragment.xml": 1728983979325,
  "view/blocks/payment.view.xml": 1728369775528,
  "view/blocks/myBlock.view.xml": 1728369775528,
  "view/blocks/SRQF.view.xml": 1728369775528,
  "view/blocks/CIRD.view.xml": 1728369775528,
  "view/blocks/CCD.view.xml": 1728369775528,
  "view/form3.view.xml": 1728986348296,
  "view/RequestForm.view.xml": 1728988857037,
  "i18n/i18n.properties": 1728984152979,
  "view/App.view.xml": 1728369775528,
  "css/style.css": 1728986053742,
  "index.html": 1728369775528
}