{
  "Component.js.map": 1729092675445,
  "controller/RequestForm.controller.js": 1728990320149,
  "controller/blocks/myBlock.js": 1728369775528,
  "controller/blocks/SRQF.js": 1728369775528,
  "controller/blocks/CIRD.js": 1728369775524,
  "controller/blocks/CCD.js": 1728369775524,
  "model/models.js": 1728369775528,
  "controller/form3.controller.js": 1728987821074,
  "controller/SupplierTable.controller.js": 1729078910372,
  "controller/blocks/payment.js": 1728369775528,
  "controller/RegistrationForm.controller.js": 1728369775524,
  "controller/App.controller.js": 1728369775524,
  "manifest.json": 1729092675247,
  "Component.js": 1728369775524,
  "controller/RegistrationForm-dbg.controller.js": 1728369775524,
  "controller/RegistrationForm.controller.js.map": 1729092675465,
  "controller/blocks/myBlock-dbg.js": 1728369775528,
  "controller/blocks/myBlock.js.map": 1729092675437,
  "controller/blocks/SRQF-dbg.js": 1728369775528,
  "controller/blocks/SRQF.js.map": 1729092675438,
  "controller/blocks/CIRD-dbg.js": 1728369775524,
  "controller/blocks/CIRD.js.map": 1729092675438,
  "controller/blocks/CCD-dbg.js": 1728369775524,
  "controller/blocks/CCD.js.map": 1729092675439,
  "model/models-dbg.js": 1728369775528,
  "model/models.js.map": 1729092675440,
  "controller/form3-dbg.controller.js": 1728987821074,
  "controller/form3.controller.js.map": 1729092675459,
  "controller/SupplierTable-dbg.controller.js": 1729078910372,
  "controller/SupplierTable.controller.js.map": 1729092675441,
  "controller/blocks/payment-dbg.js": 1728369775528,
  "controller/blocks/payment.js.map": 1729092675441,
  "controller/RequestForm-dbg.controller.js": 1728990320149,
  "controller/RequestForm.controller.js.map": 1729092675499,
  "controller/App-dbg.controller.js": 1728369775524,
  "controller/App.controller.js.map": 1729092675443,
  "Component-dbg.js": 1728369775524,
  "i18n/i18n.properties": 1728984152979,
  "Component-preload.js": 1729092676594,
  "Component-preload.js.map": 1729092676594,
  "view/blocks/payment.view.xml": 1728369775528,
  "view/blocks/myBlock.view.xml": 1728369775528,
  "view/blocks/SRQF.view.xml": 1728369775528,
  "view/blocks/CIRD.view.xml": 1728369775528,
  "view/blocks/CCD.view.xml": 1728369775528,
  "view/fragment/uploadfile.fragment.xml": 1728982567265,
  "view/fragment/timelinePopup.fragment.xml": 1728987695885,
  "view/fragment/timeline.fragment.xml": 1728983979325,
  "view/form3.view.xml": 1728986348296,
  "view/SupplierTable.view.xml": 1729079467564,
  "view/RequestForm.view.xml": 1728988857037,
  "view/RegistrationForm.view.xml": 1728369775528,
  "view/App.view.xml": 1728369775528,
  "css/style.css": 1728986053742,
  "index.html": 1728369775528
}